time1 0:00:00.142762,"[{'entity_type': 'ORGANIZATION', 'text': 'Vanderbilt University'}, {'entity_type': 'ORGANIZATION', 'text': 'Vandy'}, {'entity_type': 'ORGANIZATION', 'text': 'Vanderbilt'}, {'entity_type': 'ORGANIZATION', 'text': 'VU'}]",time2 0:00:07.356450,"[{'Vanderbilt University': ['Vanderbilt University', 'Vandy', 'Vanderbilt', 'VU'], '18 year old': ['18 year old'], 'VU': ['VU', 'Vanderbilt University', 'Vandy', 'Vanderbilt'], 'Valedictorian of my class': ['Valedictorian of my class'], 'Vanderbilt': ['Vanderbilt', 'Vanderbilt University', 'Vandy', 'VU']}]",time3 0:00:28.986321,"[{'entity_type': 'ORGANIZATION', 'text': 'Vanderbilt University'}, {'entity_type': 'ORGANIZATION', 'text': 'Vandy'}, {'entity_type': 'ORGANIZATION', 'text': 'Vanderbilt'}, {'entity_type': 'ORGANIZATION', 'text': 'VU'}, {'entity_type': 'EDUCATIONAL_RECORD', 'text': 'Valedictorian of my class'}, {'entity_type': 'AFFILIATION', 'text': 'Vanderbilt University'}, {'entity_type': 'AFFILIATION', 'text': 'VU'}]",time4 0:00:28.986354,"[{'Vanderbilt University': ['Vanderbilt University', 'Vandy', 'VU', 'Vanderbilt'], '18 year old': ['18 year old']}]","[{'merge_clustering_response': {'18 year old': ['18 year old'], 'VU': ['Vandy', 'Vanderbilt', 'Vanderbilt University', 'VU'], 'Valedictorian of my class': ['Valedictorian of my class'], 'Vanderbilt': ['Vandy', 'Vanderbilt', 'Vanderbilt University', 'VU'], 'Vanderbilt University': ['Vandy', 'Vanderbilt', 'Vanderbilt University', 'VU']}, 'message': 'Clustering results updated successfully'}]"
time1 0:00:00.107358,"[{'entity_type': 'ORGANIZATION', 'text': 'Vanderbilt University'}, {'entity_type': 'ORGANIZATION', 'text': 'Vandy'}, {'entity_type': 'ORGANIZATION', 'text': 'Vanderbilt'}, {'entity_type': 'ORGANIZATION', 'text': 'VU'}]",time2 0:00:19.382795,"[{'Vanderbilt University': ['Vanderbilt University', 'Vandy', 'Vanderbilt', 'VU'], '18 year old': ['18 year old'], 'VU': ['VU', 'Vanderbilt University', 'Vandy', 'Vanderbilt'], 'Valedictorian of my class': ['Valedictorian of my class']}]",time3 0:00:39.917283,"[{'entity_type': 'ORGANIZATION', 'text': 'Vanderbilt University'}, {'entity_type': 'ORGANIZATION', 'text': 'Vandy'}, {'entity_type': 'ORGANIZATION', 'text': 'Vanderbilt'}, {'entity_type': 'ORGANIZATION', 'text': 'VU'}, {'entity_type': 'EDUCATIONAL_RECORD', 'text': 'Valedictorian of my class'}]",time4 0:00:39.917305,"[{'Vanderbilt University': ['Vanderbilt University', 'Vandy', 'VU', 'Vanderbilt'], '18 year old': ['18 year old']}]","[{'merge_clustering_response': {'18 year old': ['18 year old'], 'VU': ['Vanderbilt University', 'VU', 'Vanderbilt', 'Vandy'], 'Valedictorian of my class': ['Valedictorian of my class'], 'Vanderbilt University': ['Vanderbilt University', 'VU', 'Vanderbilt', 'Vandy']}, 'message': 'Clustering results updated successfully'}]"
time1 0:00:00.124105,"[{'entity_type': 'PERSON', 'text': 'Julie'}, {'entity_type': 'GPE', 'text': 'Korea'}]",time2 0:00:04.047672,"[{'Julie': ['Julie'], 'Korea': ['Korea'], '19 years old': ['19 years old']}]",time3 0:00:16.704842,"[{'entity_type': 'PERSON', 'text': 'Julie'}, {'entity_type': 'GPE', 'text': 'Korea'}, {'entity_type': 'NAME', 'text': 'Julie'}]",time4 0:00:16.704854,"[{'Julie': ['Julie', '19 years old'], '19 years old': ['19 years old']}]","[{'merge_clustering_response': {'19 years old': ['19 years old'], 'Julie': ['Julie'], 'Korea': ['Korea']}, 'message': 'Clustering results updated successfully'}]"
time1 0:00:00.115619,"[{'entity_type': 'PERSON', 'text': 'North America'}, {'entity_type': 'ORGANIZATION', 'text': 'MIT'}, {'entity_type': 'ORGANIZATION', 'text': 'UCLA'}, {'entity_type': 'ORGANIZATION', 'text': 'University'}, {'entity_type': 'GPE', 'text': 'California Berkeley'}, {'entity_type': 'ORGANIZATION', 'text': 'Harvard University'}, {'entity_type': 'ORGANIZATION', 'text': 'Stanford University'}, {'entity_type': 'PERSON', 'text': 'Massachusetts Institute'}, {'entity_type': 'GPE', 'text': 'Technology'}, {'entity_type': 'ORGANIZATION', 'text': 'Princeton University'}, {'entity_type': 'ORGANIZATION', 'text': 'University'}, {'entity_type': 'GPE', 'text': 'Chicago'}, {'entity_type': 'ORGANIZATION', 'text': 'University'}, {'entity_type': 'GPE', 'text': 'Toronto'}, {'entity_type': 'ORGANIZATION', 'text': 'McGill University'}, {'entity_type': 'ORGANIZATION', 'text': 'University'}, {'entity_type': 'GPE', 'text': 'California'}, {'entity_type': 'ORGANIZATION', 'text': 'UChi'}, {'entity_type': 'ORGANIZATION', 'text': 'CMU'}, {'entity_type': 'PERSON', 'text': 'Carnegie Mellon University'}, {'entity_type': 'ORGANIZATION', 'text': 'UCB'}, {'entity_type': 'ORGANIZATION', 'text': 'University'}, {'entity_type': 'GPE', 'text': 'British'}, {'entity_type': 'ORGANIZATION', 'text': 'UBC Europe'}, {'entity_type': 'ORGANIZATION', 'text': 'ETH Zurich'}, {'entity_type': 'GPE', 'text': 'Oxford'}, {'entity_type': 'ORGANIZATION', 'text': 'University'}, {'entity_type': 'GPE', 'text': 'Cambridge'}, {'entity_type': 'ORGANIZATION', 'text': 'Imperial College London'}, {'entity_type': 'PERSON', 'text': 'London School'}, {'entity_type': 'GPE', 'text': 'Economics'}, {'entity_type': 'ORGANIZATION', 'text': 'LSE'}, {'entity_type': 'ORGANIZATION', 'text': 'IC'}]",time2 0:00:45.130430,"[{'British': ['British'], 'California Berkeley': ['California Berkeley', 'California'], 'Cambridge': ['Cambridge'], 'LSE': ['LSE'], 'London School': ['London School'], 'Oxford': ['Oxford'], 'Technology': ['Technology'], 'Toronto': ['Toronto'], 'UBC Europe': ['UBC Europe'], 'UCB': ['UCB'], 'UCLA': ['UCLA'], 'UChi': ['UChi'], 'MIT': ['MIT', 'Massachusetts Institute of Technology'], 'UC Berkeley': ['UC Berkeley', 'University of California Berkeley', 'UCB'], 'Harvard University': ['Harvard University'], 'Stanford University': ['Stanford University'], 'Princeton University': ['Princeton University'], 'University of Chicago': ['University of Chicago', 'UChi'], 'University of Toronto': ['University of Toronto'], 'McGill University': ['McGill University'], 'UBC': ['UBC', 'University of British Columbia'], 'ETHZ': ['ETHZ', 'ETH Zurich'], 'University of Cambridge': ['University of Cambridge'], 'Imperial College London': ['Imperial College London', 'IC'], 'London School of Economics': ['London School of Economics', 'LSE'], 'University of California Berkeley': ['University of California Berkeley', 'UCB'], 'Carnegie Mellon University': ['Carnegie Mellon University', 'CMU'], 'ETH Zurich': ['ETH Zurich', 'ETHZ'], 'University of British Columbia': ['University of British Columbia', 'UBC']}]",time3 0:02:08.332244,"[{'entity_type': 'PERSON', 'text': 'North America'}, {'entity_type': 'ORGANIZATION', 'text': 'MIT'}, {'entity_type': 'ORGANIZATION', 'text': 'UCLA'}, {'entity_type': 'ORGANIZATION', 'text': 'University'}, {'entity_type': 'GPE', 'text': 'California Berkeley'}, {'entity_type': 'ORGANIZATION', 'text': 'Harvard University'}, {'entity_type': 'ORGANIZATION', 'text': 'Stanford University'}, {'entity_type': 'PERSON', 'text': 'Massachusetts Institute'}, {'entity_type': 'GPE', 'text': 'Technology'}, {'entity_type': 'ORGANIZATION', 'text': 'Princeton University'}, {'entity_type': 'ORGANIZATION', 'text': 'University'}, {'entity_type': 'GPE', 'text': 'Chicago'}, {'entity_type': 'ORGANIZATION', 'text': 'University'}, {'entity_type': 'GPE', 'text': 'Toronto'}, {'entity_type': 'ORGANIZATION', 'text': 'McGill University'}, {'entity_type': 'ORGANIZATION', 'text': 'University'}, {'entity_type': 'GPE', 'text': 'California'}, {'entity_type': 'ORGANIZATION', 'text': 'UChi'}, {'entity_type': 'ORGANIZATION', 'text': 'CMU'}, {'entity_type': 'PERSON', 'text': 'Carnegie Mellon University'}, {'entity_type': 'ORGANIZATION', 'text': 'UCB'}, {'entity_type': 'ORGANIZATION', 'text': 'University'}, {'entity_type': 'GPE', 'text': 'British'}, {'entity_type': 'ORGANIZATION', 'text': 'UBC Europe'}, {'entity_type': 'ORGANIZATION', 'text': 'ETH Zurich'}, {'entity_type': 'GPE', 'text': 'Oxford'}, {'entity_type': 'ORGANIZATION', 'text': 'University'}, {'entity_type': 'GPE', 'text': 'Cambridge'}, {'entity_type': 'ORGANIZATION', 'text': 'Imperial College London'}, {'entity_type': 'PERSON', 'text': 'London School'}, {'entity_type': 'GPE', 'text': 'Economics'}, {'entity_type': 'ORGANIZATION', 'text': 'LSE'}, {'entity_type': 'ORGANIZATION', 'text': 'IC'}, {'entity_type': 'AFFILIATION', 'text': 'MIT'}, {'entity_type': 'AFFILIATION', 'text': 'UCLA'}, {'entity_type': 'AFFILIATION', 'text': 'University of California Berkeley'}, {'entity_type': 'AFFILIATION', 'text': 'Harvard University'}, {'entity_type': 'AFFILIATION', 'text': 'Stanford University'}, {'entity_type': 'AFFILIATION', 'text': 'Princeton University'}, {'entity_type': 'AFFILIATION', 'text': 'University of Chicago'}, {'entity_type': 'AFFILIATION', 'text': 'University of Toronto'}, {'entity_type': 'AFFILIATION', 'text': 'McGill University'}, {'entity_type': 'AFFILIATION', 'text': 'University of California Los Angeles'}, {'entity_type': 'AFFILIATION', 'text': 'UChi'}, {'entity_type': 'AFFILIATION', 'text': 'CMU'}, {'entity_type': 'AFFILIATION', 'text': 'Carnegie Mellon University'}, {'entity_type': 'AFFILIATION', 'text': 'University of British Columbia'}, {'entity_type': 'AFFILIATION', 'text': 'University of Cambridge'}, {'entity_type': 'AFFILIATION', 'text': 'Imperial College London'}, {'entity_type': 'AFFILIATION', 'text': 'London School of Economics'}, {'entity_type': 'AFFILIATION', 'text': 'ETH Zurich'}]",time4 0:02:08.332258,"[{'MIT': ['MIT', 'Massachusetts Institute of Technology'], 'UCLA': ['UCLA', 'University of California Los Angeles'], 'University of California Berkeley': ['University of California Berkeley', 'UCB'], 'Harvard University': ['Harvard University'], 'Stanford University': ['Stanford University'], 'Princeton University': ['Princeton University'], 'University of Chicago': ['University of Chicago', 'UChi'], 'University of Toronto': ['University of Toronto'], 'McGill University': ['McGill University'], 'University of British Columbia': ['University of British Columbia', 'UBC'], 'ETH Zurich': ['ETHZ', 'ETH Zurich'], 'Oxford': ['Oxford'], 'University of Cambridge': ['University of Cambridge'], 'Imperial College London': ['Imperial College London', 'IC'], 'London School of Economics': ['London School of Economics', 'LSE']}]","[{'merge_clustering_response': {'British': ['British'], 'California Berkeley': ['California Berkeley', 'California'], 'Cambridge': ['Cambridge'], 'Carnegie Mellon University': ['Carnegie Mellon University', 'CMU'], 'ETH Zurich': ['ETH Zurich', 'ETHZ'], 'ETHZ': ['ETHZ', 'ETH Zurich'], 'Harvard University': ['Harvard University'], 'Imperial College London': ['Imperial College London', 'IC'], 'LSE': ['LSE'], 'London School': ['London School'], 'London School of Economics': ['London School of Economics', 'LSE'], 'MIT': ['Massachusetts Institute of Technology', 'MIT'], 'McGill University': ['McGill University'], 'Oxford': ['Oxford'], 'Princeton University': ['Princeton University'], 'Stanford University': ['Stanford University'], 'Technology': ['Technology'], 'Toronto': ['Toronto'], 'UBC': ['UBC', 'University of British Columbia'], 'UBC Europe': ['UBC Europe'], 'UC Berkeley': ['UC Berkeley', 'UCB', 'University of California Berkeley'], 'UCB': ['UCB'], 'UCLA': ['UCLA'], 'UChi': ['UChi'], 'University of British Columbia': ['University of British Columbia', 'UBC'], 'University of California Berkeley': ['University of California Berkeley', 'UCB'], 'University of Cambridge': ['University of Cambridge'], 'University of Chicago': ['UChi', 'University of Chicago'], 'University of Toronto': ['University of Toronto']}, 'message': 'Clustering results updated successfully'}]"
time1 0:00:00.027065,"[{'entity_type': 'PERSON', 'text': 'Trip ID'}, {'entity_type': 'PERSON', 'text': 'Traveler'}, {'entity_type': 'PERSON', 'text': 'Traveler'}, {'entity_type': 'PERSON', 'text': 'Traveler'}, {'entity_type': 'PERSON', 'text': 'Traveler'}, {'entity_type': 'GPE', 'text': 'London'}, {'entity_type': 'PERSON', 'text': 'John Smith'}, {'entity_type': 'ORGANIZATION', 'text': 'American Hotel'}, {'entity_type': 'GPE', 'text': 'Thailand'}, {'entity_type': 'PERSON', 'text': 'Jane Doe'}, {'entity_type': 'PERSON', 'text': 'Female Canadian'}, {'entity_type': 'GPE', 'text': 'Bali'}, {'entity_type': 'GPE', 'text': 'Indonesia'}, {'entity_type': 'PERSON', 'text': 'David Lee'}, {'entity_type': 'GPE', 'text': 'Male'}, {'entity_type': 'LOCATION', 'text': 'Korean Villa'}, {'entity_type': 'GPE', 'text': 'New York'}, {'entity_type': 'ORGANIZATION', 'text': 'USA'}, {'entity_type': 'PERSON', 'text': 'Sarah Johnson'}, {'entity_type': 'GPE', 'text': 'British'}]",time2 0:00:19.737090,"[{'American Hotel': ['American Hotel'], 'Bali': ['Bali'], 'British': ['British'], 'David Lee': ['David Lee'], 'Indonesia': ['Indonesia'], 'Jane Doe': ['Jane Doe'], 'John Smith': ['John Smith'], 'Korean Villa': ['Korean Villa'], 'London': ['London'], 'Male': ['Male', 'Female Canadian'], 'New York': ['New York'], 'Sarah Johnson': ['Sarah Johnson'], 'Thailand': ['Thailand'], 'Traveler': ['Traveler'], 'Trip ID': ['Trip ID'], 'USA': ['USA'], '28': ['28'], '29': ['29'], '35': ['35'], '45': ['45'], 'American': ['American'], 'Female': ['Male', 'Female'], 'Female Canadian': ['Canadian', 'Female Canadian'], 'Korean': ['Korean'], 'key1': ['value1', 'related value 2'], 'key2': ['value2']}]",time3 0:01:05.568102,"[{'entity_type': 'PERSON', 'text': 'Trip ID'}, {'entity_type': 'PERSON', 'text': 'Traveler'}, {'entity_type': 'PERSON', 'text': 'Traveler'}, {'entity_type': 'PERSON', 'text': 'Traveler'}, {'entity_type': 'PERSON', 'text': 'Traveler'}, {'entity_type': 'GPE', 'text': 'London'}, {'entity_type': 'PERSON', 'text': 'John Smith'}, {'entity_type': 'ORGANIZATION', 'text': 'American Hotel'}, {'entity_type': 'GPE', 'text': 'Thailand'}, {'entity_type': 'PERSON', 'text': 'Jane Doe'}, {'entity_type': 'PERSON', 'text': 'Female Canadian'}, {'entity_type': 'GPE', 'text': 'Bali'}, {'entity_type': 'GPE', 'text': 'Indonesia'}, {'entity_type': 'PERSON', 'text': 'David Lee'}, {'entity_type': 'GPE', 'text': 'Male'}, {'entity_type': 'LOCATION', 'text': 'Korean Villa'}, {'entity_type': 'GPE', 'text': 'New York'}, {'entity_type': 'ORGANIZATION', 'text': 'USA'}, {'entity_type': 'PERSON', 'text': 'Sarah Johnson'}, {'entity_type': 'GPE', 'text': 'British'}, {'entity_type': 'NAME', 'text': 'John Smith'}, {'entity_type': 'NAME', 'text': 'Jane Doe'}, {'entity_type': 'NAME', 'text': 'David Lee'}, {'entity_type': 'NAME', 'text': 'Sarah Johnson'}, {'entity_type': 'AGE', 'text': '35'}, {'entity_type': 'AGE', 'text': '28'}, {'entity_type': 'AGE', 'text': '45'}, {'entity_type': 'AGE', 'text': '29'}, {'entity_type': 'GENDER', 'text': 'Male'}, {'entity_type': 'GENDER', 'text': 'Female'}, {'entity_type': 'NATIONALITY', 'text': 'American'}, {'entity_type': 'NATIONALITY', 'text': 'Canadian'}, {'entity_type': 'NATIONALITY', 'text': 'Korean'}, {'entity_type': 'NATIONALITY', 'text': 'British'}]",time4 0:01:05.568118,"[{'key1': ['value1', 'related value 2'], 'key2': ['value2']}]","[{'merge_clustering_response': {'28': ['28'], '29': ['29'], '35': ['35'], '45': ['45'], 'Adam Lee': ['Adam Lee'], 'Amelia': ['Amelia'], 'American': ['American'], 'American Airbnb': ['American Airbnb'], 'American Hostel': ['Hostel', 'American Hostel'], 'American Hotel': ['American Hotel'], 'Australia': ['Australia'], 'Bali': ['Bali'], 'Barcelona': ['Barcelona'], 'Berlin': ['Berlin'], 'Bob Johnson': ['Johnson', 'Bob Johnson'], 'Brazil': ['Brazil'], 'Brazilian Airbnb': ['Brazilian Airbnb'], 'British': ['British'], 'Cancun': ['Cancun'], 'Carlos Garcia': ['Carlos Garcia'], 'Charlie Lee': ['Charlie Lee'], 'David Kim': ['David Kim'], 'David Lee': ['David Lee'], 'Fatima Khouri': ['Fatima Khouri'], 'Female': ['Female', 'Male'], 'Female American Airbnb': ['Female American Airbnb'], 'Female Australian Airbnb': ['Female Australian Airbnb'], 'Female Australian Hostel': ['Female Australian Hostel'], 'Female Canadian': ['Female Canadian', 'Canadian'], 'Female Dutch': ['Female Dutch'], 'Female Mexican': ['Female Mexican'], 'Female Moroccan': ['Female Moroccan'], 'Female Vietnamese': ['Female Vietnamese'], 'France': ['France'], 'German': ['German'], 'Germany': ['Germany'], 'Harry Wilson': ['Harry Wilson'], 'Hawaii': ['Hawaii'], 'Honolulu': ['Honolulu'], 'Indonesia': ['Indonesia'], 'Italian Airbnb': ['Italian Airbnb'], 'James': ['James'], 'James Brown': ['James Brown'], 'James Wilson': ['James Wilson'], 'Jane Doe': ['Jane Doe'], 'Janeiro': ['Janeiro'], 'Japan': ['Japan'], 'John Smith': ['John Smith'], 'Kenji Nakamura': ['Kenji Nakamura'], 'Kim Nguyen': ['Kim Nguyen'], 'Korean': ['Korean'], 'Korean Airbnb': ['Korean Airbnb'], 'Korean Hotel': ['Korean Hotel'], 'Korean Resort': ['Korean Resort'], 'Korean Villa': ['Korean Villa'], 'Laura Janssen': ['Laura Janssen'], 'Lily': ['Lily'], 'London': ['London'], 'Lucas Santos': ['Lucas Santos'], 'Male': ['Male', 'Female Canadian', 'Male Emirati'], 'Male Canadian': ['Male Canadian', 'Female Canadian'], 'Male Chinese': ['Male Chinese', 'Female Chinese'], 'Maria Garcia': ['Maria Garcia'], 'Mexico': ['Mexico'], 'Michael Brown': ['Michael Brown'], 'Michael Chang': ['Michael Chang'], 'Mohammed Ali': ['Mohammed Ali'], 'Netherlands': ['Netherlands'], 'New York': ['New York'], 'Olivia Martin': ['Olivia Martin'], 'Olivia Rodriguez': ['Olivia Rodriguez'], 'Paris': ['Paris'], 'Sarah Johnson': ['Sarah Johnson'], 'Scotland': ['Scotland'], 'Sophia Lee': ['Sophia Lee'], 'Spain': ['Spain'], 'Sydney': ['Sydney'], 'Thailand': ['Thailand'], 'Tokyo': ['Tokyo'], 'Traveler': ['Traveler'], 'Trip ID': ['Trip ID'], 'USA': ['USA'], 'United Arab': ['United Arab'], 'William Davis': ['William Davis'], 'key1': ['value1', 'related value 2'], 'key2': ['value2'], 'segments': [{'context': 'Travel Information', 'fields': ['ID', 'Name', 'Age', 'Gender', 'Nationality', 'Accommodation Type', 'Cost', 'Transportation']}]}, 'message': 'Clustering results updated successfully'}]"
time1 0:00:00.144379,"[{'entity_type': 'PERSON', 'text': 'Trip ID'}, {'entity_type': 'PERSON', 'text': 'Traveler'}, {'entity_type': 'PERSON', 'text': 'Traveler'}, {'entity_type': 'PERSON', 'text': 'Traveler'}, {'entity_type': 'PERSON', 'text': 'Traveler'}, {'entity_type': 'GPE', 'text': 'London'}, {'entity_type': 'PERSON', 'text': 'John Smith'}, {'entity_type': 'ORGANIZATION', 'text': 'American Hotel'}, {'entity_type': 'GPE', 'text': 'Thailand'}, {'entity_type': 'PERSON', 'text': 'Jane Doe'}, {'entity_type': 'PERSON', 'text': 'Female Canadian'}, {'entity_type': 'GPE', 'text': 'Bali'}, {'entity_type': 'GPE', 'text': 'Indonesia'}, {'entity_type': 'PERSON', 'text': 'David Lee'}, {'entity_type': 'GPE', 'text': 'Male'}, {'entity_type': 'LOCATION', 'text': 'Korean Villa'}, {'entity_type': 'GPE', 'text': 'New York'}, {'entity_type': 'ORGANIZATION', 'text': 'USA'}, {'entity_type': 'PERSON', 'text': 'Sarah Johnson'}, {'entity_type': 'GPE', 'text': 'British'}]",time2 0:00:33.705063,"[{'American Hotel': ['American Hotel'], 'Bali': ['Bali'], 'British': ['British'], 'David Lee': ['David Lee'], 'Female Canadian': ['Female Canadian', 'Male'], 'Indonesia': ['Indonesia'], 'Jane Doe': ['Jane Doe'], 'John Smith': ['John Smith'], 'Korean Villa': ['Korean Villa'], 'London': ['London'], 'New York': ['New York'], 'Sarah Johnson': ['Sarah Johnson'], 'Thailand': ['Thailand'], 'Traveler': ['Traveler'], 'Trip ID': ['Trip ID'], 'USA': ['USA'], 'insightful observations': [{'category': 'Traveler demographics', 'observation': 'The average age of travelers is around 34.5 years, with the oldest traveler being David Lee (45) and the youngest being Jane Doe (28).'}, {'category': 'Nationalities', 'observation': 'Three out of four travelers are from North America or Europe (American, Canadian, British), while only one is from Asia (Korean).'}, {'category': 'Accommodation types', 'observation': 'Hotels are the most popular accommodation type among travelers, with three out of four choosing this option. The remaining traveler opted for a resort and villa.'}, {'category': 'Transportation modes', 'observation': 'Flights are the primary mode of transportation for all four travelers, indicating that air travel is the preferred way to reach their destinations.'}], '28': ['28'], '29': ['29'], '35': ['35'], '45': ['45'], 'American': ['American'], 'Canadian': ['Female Canadian', 'Canadian'], 'Female': ['Female', 'Male'], 'Korean': ['Korean']}]",time3 0:01:36.246815,"[{'entity_type': 'PERSON', 'text': 'Trip ID'}, {'entity_type': 'PERSON', 'text': 'Traveler'}, {'entity_type': 'PERSON', 'text': 'Traveler'}, {'entity_type': 'PERSON', 'text': 'Traveler'}, {'entity_type': 'PERSON', 'text': 'Traveler'}, {'entity_type': 'GPE', 'text': 'London'}, {'entity_type': 'PERSON', 'text': 'John Smith'}, {'entity_type': 'ORGANIZATION', 'text': 'American Hotel'}, {'entity_type': 'GPE', 'text': 'Thailand'}, {'entity_type': 'PERSON', 'text': 'Jane Doe'}, {'entity_type': 'PERSON', 'text': 'Female Canadian'}, {'entity_type': 'GPE', 'text': 'Bali'}, {'entity_type': 'GPE', 'text': 'Indonesia'}, {'entity_type': 'PERSON', 'text': 'David Lee'}, {'entity_type': 'GPE', 'text': 'Male'}, {'entity_type': 'LOCATION', 'text': 'Korean Villa'}, {'entity_type': 'GPE', 'text': 'New York'}, {'entity_type': 'ORGANIZATION', 'text': 'USA'}, {'entity_type': 'PERSON', 'text': 'Sarah Johnson'}, {'entity_type': 'GPE', 'text': 'British'}, {'entity_type': 'NAME', 'text': 'John Smith'}, {'entity_type': 'NAME', 'text': 'Jane Doe'}, {'entity_type': 'NAME', 'text': 'David Lee'}, {'entity_type': 'NAME', 'text': 'Sarah Johnson'}, {'entity_type': 'AGE', 'text': '35'}, {'entity_type': 'AGE', 'text': '28'}, {'entity_type': 'AGE', 'text': '45'}, {'entity_type': 'AGE', 'text': '29'}, {'entity_type': 'GENDER', 'text': 'Male'}, {'entity_type': 'GENDER', 'text': 'Female'}, {'entity_type': 'NATIONALITY', 'text': 'American'}, {'entity_type': 'NATIONALITY', 'text': 'Canadian'}, {'entity_type': 'NATIONALITY', 'text': 'Korean'}, {'entity_type': 'NATIONALITY', 'text': 'British'}]",time4 0:01:36.246850,"[{'insights': [{'type': 'Traveler demographics', 'observation': 'The age range of travelers is between 28 and 45, with a median age of 35. The majority (66%) are males.'}, {'type': 'Destination popularity', 'observation': 'London, UK is the most popular destination, followed by Phuket, Thailand, Bali, Indonesia, and New York, USA in descending order of preference. It seems that travelers from Western countries prefer destinations closer to home, while those from East Asia opt for more exotic locations.'}, {'type': 'Accommodation choices', 'observation': 'Hotels are the most popular accommodation type, with 66% of travelers opting for this option. Villas and resorts are preferred by older travelers (45+ years old), while younger travelers (28-34) tend to choose hotels.'}, {'type': 'Transportation modes', 'observation': 'Flights are the primary mode of transportation, used by 75% of travelers. The remaining 25% opted for other transportation methods (not specified in this dataset).'}, {'type': 'Travel duration', 'observation': 'The average travel duration is 7 days, with a median duration of 7 days and a range of 5 to 14 days.'}, {'type': 'Nationality-based preferences', 'observation': 'American travelers tend to prefer destinations closer to home (London), while Canadian and British travelers opt for more exotic locations (Phuket and Bali). Korean travelers, on the other hand, have a preference for destinations in Asia (Bali).'}]}]",[{}]
time1 0:00:00.037699,"[{'entity_type': 'PERSON', 'text': 'Julie'}, {'entity_type': 'GPE', 'text': 'Korea'}]",time2 0:00:07.865167,"[{'Julie': ['Julie'], 'Korea': ['Korea'], '19 year old': ['19 year old'], '19 years old': ['19 years old'], 'social situations': ['social situations', 'pressure to drink']}]",time3 0:00:20.274168,"[{'entity_type': 'PERSON', 'text': 'Julie'}, {'entity_type': 'GPE', 'text': 'Korea'}, {'entity_type': 'NAME', 'text': 'Julie'}]",time4 0:00:20.274212,"[{'social situations': ['social situations', 'pressure to drink'], '19 years old': ['19 years old']}]","[{'merge_clustering_response': {'19 year old': ['19 year old'], '19 years old': ['19 years old'], 'American Hotel': ['American Hotel'], 'Bali': ['Bali'], 'British': ['British'], 'David Lee': ['David Lee'], 'Female Canadian': ['Male', 'Female Canadian'], 'Indonesia': ['Indonesia'], 'Jane Doe': ['Jane Doe'], 'John Smith': ['John Smith'], 'Julie': ['Julie'], 'Korea': ['Korea'], 'Korean Villa': ['Korean Villa'], 'London': ['London'], 'New York': ['New York'], 'Sarah Johnson': ['Sarah Johnson'], 'Thailand': ['Thailand'], 'Traveler': ['Traveler'], 'Trip ID': ['Trip ID'], 'USA': ['USA'], 'insightful observations': [{'category': 'Traveler demographics', 'observation': 'The average age of travelers is around 34.5 years, with the oldest traveler being David Lee (45) and the youngest being Jane Doe (28).'}, {'category': 'Nationalities', 'observation': 'Three out of four travelers are from North America or Europe (American, Canadian, British), while only one is from Asia (Korean).'}, {'category': 'Accommodation types', 'observation': 'Hotels are the most popular accommodation type among travelers, with three out of four choosing this option. The remaining traveler opted for a resort and villa.'}, {'category': 'Transportation modes', 'observation': 'Flights are the primary mode of transportation for all four travelers, indicating that air travel is the preferred way to reach their destinations.'}], 'social situations': ['social situations', 'pressure to drink']}, 'message': 'Clustering results updated successfully'}]"
time1 0:00:00.136061,"[{'entity_type': 'PERSON', 'text': 'Julie'}, {'entity_type': 'GPE', 'text': 'Korea'}]",time2 0:00:06.666333,"[{'Julie': ['Julie'], 'Korea': ['Korea'], '19 years old': ['19 years old'], 'Bill Gates': ['Bill Gates', 'Microsoft'], 'jeremyKwon@gmail.com': ['jeremyKwon@gmail.com']}]",time3 0:00:19.425360,"[{'entity_type': 'PERSON', 'text': 'Julie'}, {'entity_type': 'GPE', 'text': 'Korea'}, {'entity_type': 'NAME', 'text': 'Julie'}]",time4 0:00:19.425428,"[{'19 years old': ['19 years old', 'Korea'], 'Julie': ['Julie']}]","[{'merge_clustering_response': {'19 years old': ['19 years old'], 'Bill Gates': ['Bill Gates', 'Microsoft'], 'Julie': ['Julie'], 'Korea': ['Korea'], 'jeremyKwon@gmail.com': ['jeremyKwon@gmail.com']}, 'message': 'Clustering results updated successfully'}]"
time1 0:00:00.141162,"[{'entity_type': 'PERSON', 'text': 'Julie'}, {'entity_type': 'GPE', 'text': 'Korea'}]",time2 0:00:06.996562,"[{'Julie': ['Julie'], 'Korea': ['Korea'], '19 years old': ['19 years old'], 'social situation': ['social situation', 'pressure to drink'], '19 year old': ['19 year old', 'Korea']}]",time3 0:00:19.155984,"[{'entity_type': 'PERSON', 'text': 'Julie'}, {'entity_type': 'GPE', 'text': 'Korea'}, {'entity_type': 'NAME', 'text': 'Julie'}]",time4 0:00:19.156030,"[{'19 years old': ['19 years old'], 'Korea': ['Korea']}]","[{'merge_clustering_response': {'19 year old': ['Korea', '19 year old'], '19 years old': ['19 years old'], 'Julie': ['Julie'], 'Korea': ['Korea'], 'social situation': ['social situation', 'pressure to drink']}, 'message': 'Clustering results updated successfully'}]"
time1 0:00:00.018271,[],time2 0:00:00.042097,"[{'Vanderbilt University': ['Vanderbilt University', 'Vandy', 'Vanderbilt', 'VU']}]",time3 0:00:14.874602,"[{'entity_type': 'ORGANIZATION', 'text': 'Vanderbilt University'}, {'entity_type': 'ORGANIZATION', 'text': 'Vandy'}, {'entity_type': 'ORGANIZATION', 'text': 'Vanderbilt'}, {'entity_type': 'ORGANIZATION', 'text': 'VU'}]",time4 0:00:14.874615,[{}],"[{'merge_clustering_response': {'Vanderbilt University': ['Vanderbilt', 'Vandy', 'VU', 'Vanderbilt University']}, 'message': 'Clustering results updated successfully'}]"
time1 0:00:00.027361,[],time2 0:00:00.048916,"[{'Vanderbilt University': ['Vanderbilt University', 'Vandy', 'Vanderbilt', 'VU']}]",time3 0:00:15.559065,"[{'entity_type': 'ORGANIZATION', 'text': 'Vanderbilt University'}, {'entity_type': 'ORGANIZATION', 'text': 'Vandy'}, {'entity_type': 'ORGANIZATION', 'text': 'Vanderbilt'}, {'entity_type': 'ORGANIZATION', 'text': 'VU'}]",time4 0:00:15.559100,[{}],"[{'merge_clustering_response': {'Vanderbilt University': ['Vanderbilt University', 'VU', 'Vanderbilt', 'Vandy']}, 'message': 'Clustering results updated successfully'}]"
time1 0:00:00.110501,"[{'entity_type': 'ORGANIZATION', 'text': 'Vanderbilt University'}, {'entity_type': 'ORGANIZATION', 'text': 'Vandy'}, {'entity_type': 'ORGANIZATION', 'text': 'Vanderbilt'}, {'entity_type': 'ORGANIZATION', 'text': 'VU'}]",time2 0:00:25.117715,"[{'Vanderbilt University': ['Vanderbilt University', 'Vandy', 'Vanderbilt', 'VU'], 'Valedictorian': ['Valedictorian'], 'Vanderbilt': ['Vanderbilt', 'Vanderbilt University', 'Vandy', 'VU']}]",time3 0:00:27.475513,"[{'entity_type': 'ORGANIZATION', 'text': 'Vanderbilt University'}, {'entity_type': 'ORGANIZATION', 'text': 'Vandy'}, {'entity_type': 'ORGANIZATION', 'text': 'Vanderbilt'}, {'entity_type': 'ORGANIZATION', 'text': 'VU'}, {'entity_type': 'AFFILIATION', 'text': 'Vanderbilt University'}, {'entity_type': 'NAME', 'text': 'Valedictorian'}, {'entity_type': 'EDUCATIONAL_RECORD', 'text': 'VU'}]",time4 0:00:27.475523,[{}],"[{'merge_clustering_response': {'Valedictorian': ['Valedictorian'], 'Vanderbilt': ['VU', 'Vandy', 'Vanderbilt', 'Vanderbilt University'], 'Vanderbilt University': ['VU', 'Vandy', 'Vanderbilt', 'Vanderbilt University']}, 'message': 'Clustering results updated successfully'}]"
time1 0:00:00.125771,"[{'entity_type': 'ORGANIZATION', 'text': 'Vanderbilt University'}, {'entity_type': 'ORGANIZATION', 'text': 'Vandy'}, {'entity_type': 'ORGANIZATION', 'text': 'Vanderbilt'}, {'entity_type': 'ORGANIZATION', 'text': 'VU'}]",time2 0:00:07.261243,"[{'Vanderbilt University': ['Vanderbilt University', 'Vandy', 'Vanderbilt', 'VU'], '18 year old': ['18 year old']}]",time3 0:00:19.294770,"[{'entity_type': 'ORGANIZATION', 'text': 'Vanderbilt University'}, {'entity_type': 'ORGANIZATION', 'text': 'Vandy'}, {'entity_type': 'ORGANIZATION', 'text': 'Vanderbilt'}, {'entity_type': 'ORGANIZATION', 'text': 'VU'}]",time4 0:00:19.294803,"[{'Vanderbilt University': ['Vanderbilt University', 'Vandy', 'VU', 'Vanderbilt'], '18 year old': ['18 year old']}]","[{'merge_clustering_response': {'18 year old': ['18 year old'], 'Vanderbilt University': ['Vandy', 'Vanderbilt University', 'VU', 'Vanderbilt']}, 'message': 'Clustering results updated successfully'}]"
